comment_id,username,user_url,comment_text,like_count,created_time,video_url,video_id,creator_handle,keyword,scraped_at,parent_comment_id,is_reply,source_type,search_rank
7501843461308285719,yxrx110,https://www.tiktok.com/@yxrx110,she's the prettiest anime girl❤️🔥,1475.0,1746659064,https://www.tiktok.com/@animeedit.nut/video/7501606229190462738,7501606229190462738,animeedit.nut,,2026-05-16T14:46:33+07:00,0,False,api,
7502384610413822727,nguyn.zaie,https://www.tiktok.com/@nguyn.zaie,phim hay k mn,14.0,1746785058,https://www.tiktok.com/@animeedit.nut/video/7501606229190462738,7501606229190462738,animeedit.nut,,2026-05-16T14:46:33+07:00,0,False,api,
7502385525479998229,kntwlss,https://www.tiktok.com/@kntwlss,có mấy đoạn hơi buồn ngủ tí nhma nên xem nha tên'violet evergarden',39.0,1746785267,https://www.tiktok.com/@animeedit.nut/video/7501606229190462738,7501606229190462738,animeedit.nut,,2026-05-16T14:46:33+07:00,7502384610413822727,True,api,
7640132646915818260,kavish8207,https://www.tiktok.com/@kavish8207,[Sticker] my favourite anime girl,1.0,1778857013,https://www.tiktok.com/@animeedit.nut/video/7501606229190462738,7501606229190462738,animeedit.nut,,2026-05-16T14:46:33+07:00,0,False,api,
7502363608334304008,vinmar.real,https://www.tiktok.com/@vinmar.real,Happy ending or a sad ending?,23.0,1746780168,https://www.tiktok.com/@animeedit.nut/video/7501606229190462738,7501606229190462738,animeedit.nut,,2026-05-16T14:46:33+07:00,0,False,api,
7502027895461233428,evergarden744,https://www.tiktok.com/@evergarden744,Violet Evergarden💜✨,57.0,1746701999,https://www.tiktok.com/@animeedit.nut/video/7501606229190462738,7501606229190462738,animeedit.nut,,2026-05-16T14:46:33+07:00,0,False,api,
7502124500060865287,notification25764,https://www.tiktok.com/@notification25764,is it worth watching?,167.0,1746724490,https://www.tiktok.com/@animeedit.nut/video/7501606229190462738,7501606229190462738,animeedit.nut,,2026-05-16T14:46:33+07:00,0,False,api,
7503834793945449224,dimlaank,https://www.tiktok.com/@dimlaank,thấy violet lại nhớ bài đợi,41.0,1747122708,https://www.tiktok.com/@animeedit.nut/video/7501606229190462738,7501606229190462738,animeedit.nut,,2026-05-16T14:46:33+07:00,0,False,api,
7502088116149224199,mr.sherlock1026,https://www.tiktok.com/@mr.sherlock1026,bad ending ?,5.0,1746716014,https://www.tiktok.com/@animeedit.nut/video/7501606229190462738,7501606229190462738,animeedit.nut,,2026-05-16T14:46:33+07:00,0,False,api,
7502090614990439175,zen4586,https://www.tiktok.com/@zen4586,nopeee,36.0,1746716599,https://www.tiktok.com/@animeedit.nut/video/7501606229190462738,7501606229190462738,animeedit.nut,,2026-05-16T14:46:33+07:00,7502088116149224199,True,api,
7505280967830930183,jonathanvijar,https://www.tiktok.com/@jonathanvijar,is it good?should i watch it? come on guys my list is running out of good anime to watch tasukete kudasaiíi😭,4.0,1747459416,https://www.tiktok.com/@animeedit.nut/video/7501606229190462738,7501606229190462738,animeedit.nut,,2026-05-16T14:46:33+07:00,0,False,api,
7502323271259374344,doc3_jj,https://www.tiktok.com/@doc3_jj,worth to watch?,36.0,1746770775,https://www.tiktok.com/@animeedit.nut/video/7501606229190462738,7501606229190462738,animeedit.nut,,2026-05-16T14:46:33+07:00,0,False,api,
7502324577922728722,gabz_kaulitz,https://www.tiktok.com/@gabz_kaulitz,sorry shikimori won this trend,2.0,1746771075,https://www.tiktok.com/@animeedit.nut/video/7501606229190462738,7501606229190462738,animeedit.nut,,2026-05-16T14:46:33+07:00,0,False,api,
7517732132484023048,m_moonyg,https://www.tiktok.com/@m_moonyg,Today only it came 3 times on my fyp .. is this a sign that i should be watching it?,2.0,1750358418,https://www.tiktok.com/@animeedit.nut/video/7501606229190462738,7501606229190462738,animeedit.nut,,2026-05-16T14:46:33+07:00,0,False,api,
7502811586646704901,anyaotaku69,https://www.tiktok.com/@anyaotaku69,meshan majugta somali o anime dawatu😭🥺,3.0,1746884475,https://www.tiktok.com/@animeedit.nut/video/7501606229190462738,7501606229190462738,animeedit.nut,,2026-05-16T14:46:33+07:00,0,False,api,
7503928569220858642,ddazai.osamu,https://www.tiktok.com/@ddazai.osamu,should I watch this anime?,6.0,1747144532,https://www.tiktok.com/@animeedit.nut/video/7501606229190462738,7501606229190462738,animeedit.nut,,2026-05-16T14:46:33+07:00,0,False,api,
7503930759947010817,blublunau,https://www.tiktok.com/@blublunau,YESSS!!,9.0,1747145047,https://www.tiktok.com/@animeedit.nut/video/7501606229190462738,7501606229190462738,animeedit.nut,,2026-05-16T14:46:33+07:00,7503928569220858642,True,api,
7502024064128959239,sines.mky8,https://www.tiktok.com/@sines.mky8,nice❤️,5.0,1746701114,https://www.tiktok.com/@animeedit.nut/video/7501606229190462738,7501606229190462738,animeedit.nut,,2026-05-16T14:46:33+07:00,0,False,api,
7501988362133177095,njananging0,https://www.tiktok.com/@njananging0,anime name pls🥺,4.0,1746692796,https://www.tiktok.com/@animeedit.nut/video/7501606229190462738,7501606229190462738,animeedit.nut,,2026-05-16T14:46:33+07:00,0,False,api,
7502413517392757522,evaaivy8,https://www.tiktok.com/@evaaivy8,boyfriend reposted✌,5.0,1746791783,https://www.tiktok.com/@animeedit.nut/video/7501606229190462738,7501606229190462738,animeedit.nut,,2026-05-16T14:46:33+07:00,0,False,api,
7505245555334513424,keitkheit,https://www.tiktok.com/@keitkheit,should i watch it? 👀,3.0,1747451184,https://www.tiktok.com/@animeedit.nut/video/7501606229190462738,7501606229190462738,animeedit.nut,,2026-05-16T14:46:33+07:00,0,False,api,
7502036260870341384,mostafa_99919,https://www.tiktok.com/@mostafa_99919,anime name please ❤️❤️❤️,36.0,1746703946,https://www.tiktok.com/@animeedit.nut/video/7501606229190462738,7501606229190462738,animeedit.nut,,2026-05-16T14:46:33+07:00,0,False,api,
7502064221083616008,animeedit.nut,https://www.tiktok.com/@animeedit.nut,Violet evergarden,19.0,1746710461,https://www.tiktok.com/@animeedit.nut/video/7501606229190462738,7501606229190462738,animeedit.nut,,2026-05-16T14:46:33+07:00,7502036260870341384,True,api,
7501916756957528853,sio.editor,https://www.tiktok.com/@sio.editor,nice edit🔥🔥🔥,6.0,1746676118,https://www.tiktok.com/@animeedit.nut/video/7501606229190462738,7501606229190462738,animeedit.nut,,2026-05-16T14:46:33+07:00,0,False,api,
7502168174329103127,egoistaenesso,https://www.tiktok.com/@egoistaenesso,his backstory is so sad,39.0,1746734651,https://www.tiktok.com/@animeedit.nut/video/7501606229190462738,7501606229190462738,animeedit.nut,,2026-05-16T14:46:38+07:00,7501843461308285719,False,api,
7502208478739301143,yxrx110,https://www.tiktok.com/@yxrx110,*her* but true it was really sad☹️,54.0,1746744047,https://www.tiktok.com/@animeedit.nut/video/7501606229190462738,7501606229190462738,animeedit.nut,,2026-05-16T14:46:38+07:00,7501843461308285719,False,api,
7502564629555954454,theaherre,https://www.tiktok.com/@theaherre,fr😭,2.0,1746826962,https://www.tiktok.com/@animeedit.nut/video/7501606229190462738,7501606229190462738,animeedit.nut,,2026-05-16T14:46:38+07:00,7501843461308285719,False,api,
7502569971018482454,egoistaenesso,https://www.tiktok.com/@egoistaenesso,i cry one the 10 episode,3.0,1746828207,https://www.tiktok.com/@animeedit.nut/video/7501606229190462738,7501606229190462738,animeedit.nut,,2026-05-16T14:46:44+07:00,7501843461308285719,False,api,
7514680275541197576,kzyell0,https://www.tiktok.com/@kzyell0,yeah,1.0,1749647850,https://www.tiktok.com/@animeedit.nut/video/7501606229190462738,7501606229190462738,animeedit.nut,,2026-05-16T14:46:44+07:00,7501843461308285719,False,api,
7506179073988936464,masoomataqadusi16,https://www.tiktok.com/@masoomataqadusi16,What name,2.0,1747668527,https://www.tiktok.com/@animeedit.nut/video/7501606229190462738,7501606229190462738,animeedit.nut,,2026-05-16T14:46:44+07:00,7501843461308285719,False,api,
7506254717241099030,yxrx110,https://www.tiktok.com/@yxrx110,violet evergarden,1.0,1747686121,https://www.tiktok.com/@animeedit.nut/video/7501606229190462738,7501606229190462738,animeedit.nut,,2026-05-16T14:46:51+07:00,7501843461308285719,False,api,
7504168913463984926,imaoshallreturn,https://www.tiktok.com/@imaoshallreturn,Agreed,2.0,1747200514,https://www.tiktok.com/@animeedit.nut/video/7501606229190462738,7501606229190462738,animeedit.nut,,2026-05-16T14:46:51+07:00,7501843461308285719,False,api,
7502395920727425810,mo.hussien73,https://www.tiktok.com/@mo.hussien73,Slipped to second place after Kaoruku appeared,2.0,1746787688,https://www.tiktok.com/@animeedit.nut/video/7501606229190462738,7501606229190462738,animeedit.nut,,2026-05-16T14:46:51+07:00,7501843461308285719,False,api,
7505040275187598098,ponpon45550,https://www.tiktok.com/@ponpon45550,agree😫,1.0,1747403369,https://www.tiktok.com/@animeedit.nut/video/7501606229190462738,7501606229190462738,animeedit.nut,,2026-05-16T14:46:57+07:00,7501843461308285719,False,api,
7502392043476812546,mxys_edt,https://www.tiktok.com/@mxys_edt,Fr 🙏🏻❤️,1.0,1746786781,https://www.tiktok.com/@animeedit.nut/video/7501606229190462738,7501606229190462738,animeedit.nut,,2026-05-16T14:46:57+07:00,7501843461308285719,False,api,
7502316688853107461,milktart.2000,https://www.tiktok.com/@milktart.2000,frfr,1.0,1746769312,https://www.tiktok.com/@animeedit.nut/video/7501606229190462738,7501606229190462738,animeedit.nut,,2026-05-16T14:46:57+07:00,7501843461308285719,False,api,
7523080851258868487,yang62313,https://www.tiktok.com/@yang62313,nuh uh,,1751603765,https://www.tiktok.com/@animeedit.nut/video/7501606229190462738,7501606229190462738,animeedit.nut,,2026-05-16T14:47:04+07:00,7501843461308285719,False,api,
7502427989272806162,kntwlss,https://www.tiktok.com/@kntwlss,recommend thêm bộ '86' peak luôn nhé,1.0,1746795150,https://www.tiktok.com/@animeedit.nut/video/7501606229190462738,7501606229190462738,animeedit.nut,,2026-05-16T14:47:09+07:00,7502384610413822727,False,api,
7502777823914394386,pay.perly0112,https://www.tiktok.com/@pay.perly0112,"Mik thấy phim hay, màu phim tuyệt vời luôn, nên gọi là đáng xem chứ hay hay ko thì tuỳ vào mỗi người",6.0,1746876610,https://www.tiktok.com/@animeedit.nut/video/7501606229190462738,7501606229190462738,animeedit.nut,,2026-05-16T14:47:09+07:00,7502384610413822727,False,api,
7514487980687016722,uduhe7h3u8dh,https://www.tiktok.com/@uduhe7h3u8dh,phim hay chill art thì xuất sắc,3.0,1749603083,https://www.tiktok.com/@animeedit.nut/video/7501606229190462738,7501606229190462738,animeedit.nut,,2026-05-16T14:47:09+07:00,7502384610413822727,False,api,
7518605453631603474,allien.cat,https://www.tiktok.com/@allien.cat,6/10,1.0,1750561870,https://www.tiktok.com/@animeedit.nut/video/7501606229190462738,7501606229190462738,animeedit.nut,,2026-05-16T14:47:20+07:00,7502384610413822727,False,api,
7503176383125881608,kakakapm4,https://www.tiktok.com/@kakakapm4,Bộ này cảm động vs chill lắm bn 👍,1.0,1746969400,https://www.tiktok.com/@animeedit.nut/video/7501606229190462738,7501606229190462738,animeedit.nut,,2026-05-16T14:47:20+07:00,7502384610413822727,False,api,
7503354721169015560,ntd.plus,https://www.tiktok.com/@ntd.plus,ko,1.0,1747010937,https://www.tiktok.com/@animeedit.nut/video/7501606229190462738,7501606229190462738,animeedit.nut,,2026-05-16T14:47:20+07:00,7502384610413822727,False,api,
7506091058872337160,dung2010b,https://www.tiktok.com/@dung2010b,"Cho mấy bạn chill chill th, chứ thích action hành đog thì nó hơi bùn ngủ",,1747648030,https://www.tiktok.com/@animeedit.nut/video/7501606229190462738,7501606229190462738,animeedit.nut,,2026-05-16T14:47:27+07:00,7502384610413822727,False,api,
7505794444194644752,oyahho,https://www.tiktok.com/@oyahho,hay lắm coi đi^^,,1747578969,https://www.tiktok.com/@animeedit.nut/video/7501606229190462738,7501606229190462738,animeedit.nut,,2026-05-16T14:47:27+07:00,7502384610413822727,False,api,
dom_6a356401,yxrx110,https://www.tiktok.com/@yxrx110,she's the prettiest anime girl❤️🔥,,,https://www.tiktok.com/@animeedit.nut/video/7501606229190462738,7501606229190462738,animeedit.nut,,2026-05-16T14:47:29+07:00,,False,dom,
dom_1ce48542,egoistaenesso,https://www.tiktok.com/@egoistaenesso,his backstory is so sad,,,https://www.tiktok.com/@animeedit.nut/video/7501606229190462738,7501606229190462738,animeedit.nut,,2026-05-16T14:47:29+07:00,,True,dom,
dom_45a00b7b,yxrx110,https://www.tiktok.com/@yxrx110,*her* but true it was really sad☹️,,,https://www.tiktok.com/@animeedit.nut/video/7501606229190462738,7501606229190462738,animeedit.nut,,2026-05-16T14:47:29+07:00,,True,dom,
dom_71c1339b,𝓣𝓱𝓮𝓪,https://www.tiktok.com/@theaherre,fr😭,,,https://www.tiktok.com/@animeedit.nut/video/7501606229190462738,7501606229190462738,animeedit.nut,,2026-05-16T14:47:29+07:00,,True,dom,
dom_7fe3df38,egoistaenesso,https://www.tiktok.com/@egoistaenesso,i cry one the 10 episode,,,https://www.tiktok.com/@animeedit.nut/video/7501606229190462738,7501606229190462738,animeedit.nut,,2026-05-16T14:47:29+07:00,,True,dom,
dom_5b5f313e,𝘈𝘻𝘦𝘭𝘭.,https://www.tiktok.com/@kzyell0,yeah,,,https://www.tiktok.com/@animeedit.nut/video/7501606229190462738,7501606229190462738,animeedit.nut,,2026-05-16T14:47:29+07:00,,True,dom,
dom_6f4349d4,park Řâ^-^hilâ,https://www.tiktok.com/@masoomataqadusi16,What name,,,https://www.tiktok.com/@animeedit.nut/video/7501606229190462738,7501606229190462738,animeedit.nut,,2026-05-16T14:47:29+07:00,,True,dom,
dom_2707b4fe,yxrx110,https://www.tiktok.com/@yxrx110,violet evergarden,,,https://www.tiktok.com/@animeedit.nut/video/7501606229190462738,7501606229190462738,animeedit.nut,,2026-05-16T14:47:29+07:00,,True,dom,
dom_3d0f9e79,Aaron ho,https://www.tiktok.com/@imaoshallreturn,Agreed,,,https://www.tiktok.com/@animeedit.nut/video/7501606229190462738,7501606229190462738,animeedit.nut,,2026-05-16T14:47:29+07:00,,True,dom,
dom_5bd68833,Mo Hussien,https://www.tiktok.com/@mo.hussien73,Slipped to second place after Kaoruku appeared,,,https://www.tiktok.com/@animeedit.nut/video/7501606229190462738,7501606229190462738,animeedit.nut,,2026-05-16T14:47:29+07:00,,True,dom,
dom_3f4d915f,Ponpon,https://www.tiktok.com/@ponpon45550,agree😫,,,https://www.tiktok.com/@animeedit.nut/video/7501606229190462738,7501606229190462738,animeedit.nut,,2026-05-16T14:47:29+07:00,,True,dom,
dom_783f6a64,Mxys,https://www.tiktok.com/@mxys_edt,Fr 🙏🏻❤️,,,https://www.tiktok.com/@animeedit.nut/video/7501606229190462738,7501606229190462738,animeedit.nut,,2026-05-16T14:47:29+07:00,,True,dom,
dom_4f0a594f,A.M.T,https://www.tiktok.com/@milktart.2000,frfr,,,https://www.tiktok.com/@animeedit.nut/video/7501606229190462738,7501606229190462738,animeedit.nut,,2026-05-16T14:47:29+07:00,,True,dom,
dom_4c7937d0,Yang™,https://www.tiktok.com/@yang62313,nuh uh,,,https://www.tiktok.com/@animeedit.nut/video/7501606229190462738,7501606229190462738,animeedit.nut,,2026-05-16T14:47:29+07:00,,True,dom,
dom_2e963b41,The Emperor,https://www.tiktok.com/@nguyn.zaie,phim hay k mn,,,https://www.tiktok.com/@animeedit.nut/video/7501606229190462738,7501606229190462738,animeedit.nut,,2026-05-16T14:47:29+07:00,,False,dom,
dom_3727fa6,ƙ,https://www.tiktok.com/@kntwlss,có mấy đoạn hơi buồn ngủ tí nhma nên xem nha tên'violet evergarden',,,https://www.tiktok.com/@animeedit.nut/video/7501606229190462738,7501606229190462738,animeedit.nut,,2026-05-16T14:47:29+07:00,,True,dom,
dom_52750f21,ƙ,https://www.tiktok.com/@kntwlss,recommend thêm bộ '86' peak luôn nhé,,,https://www.tiktok.com/@animeedit.nut/video/7501606229190462738,7501606229190462738,animeedit.nut,,2026-05-16T14:47:29+07:00,,True,dom,
dom_288f4dd0,PP_taeui,https://www.tiktok.com/@pay.perly0112,"Mik thấy phim hay, màu phim tuyệt vời luôn, nên gọi là đáng xem chứ hay hay ko thì tuỳ vào mỗi người",,,https://www.tiktok.com/@animeedit.nut/video/7501606229190462738,7501606229190462738,animeedit.nut,,2026-05-16T14:47:29+07:00,,True,dom,
dom_1f795f3f,................,https://www.tiktok.com/@uduhe7h3u8dh,phim hay chill art thì xuất sắc,,,https://www.tiktok.com/@animeedit.nut/video/7501606229190462738,7501606229190462738,animeedit.nut,,2026-05-16T14:47:29+07:00,,True,dom,
dom_35da02d7,free kiss💋,https://www.tiktok.com/@allien.cat,6/10,,,https://www.tiktok.com/@animeedit.nut/video/7501606229190462738,7501606229190462738,animeedit.nut,,2026-05-16T14:47:29+07:00,,True,dom,
dom_7757f971,irl_c,https://www.tiktok.com/@kakakapm4,Bộ này cảm động vs chill lắm bn 👍,,,https://www.tiktok.com/@animeedit.nut/video/7501606229190462738,7501606229190462738,animeedit.nut,,2026-05-16T14:47:29+07:00,,True,dom,
dom_6d23a9b7,The Lord of Sinful Souls,https://www.tiktok.com/@ntd.plus,ko,,,https://www.tiktok.com/@animeedit.nut/video/7501606229190462738,7501606229190462738,animeedit.nut,,2026-05-16T14:47:29+07:00,,True,dom,
dom_527193ee,Bladie>_<,https://www.tiktok.com/@dung2010b,"Cho mấy bạn chill chill th, chứ thích action hành đog thì nó hơi bùn ngủ",,,https://www.tiktok.com/@animeedit.nut/video/7501606229190462738,7501606229190462738,animeedit.nut,,2026-05-16T14:47:29+07:00,,True,dom,
dom_d439c07,🤍,https://www.tiktok.com/@oyahho,hay lắm coi đi^^,,,https://www.tiktok.com/@animeedit.nut/video/7501606229190462738,7501606229190462738,animeedit.nut,,2026-05-16T14:47:29+07:00,,True,dom,
dom_1d0cb02b,"Kavish(gu"")",https://www.tiktok.com/@kavish8207,[Sticker] my favourite anime girl,,,https://www.tiktok.com/@animeedit.nut/video/7501606229190462738,7501606229190462738,animeedit.nut,,2026-05-16T14:47:29+07:00,,False,dom,
dom_5e7b98e4,VinMar Real,https://www.tiktok.com/@vinmar.real,Happy ending or a sad ending?,,,https://www.tiktok.com/@animeedit.nut/video/7501606229190462738,7501606229190462738,animeedit.nut,,2026-05-16T14:47:29+07:00,,False,dom,
dom_31913e9f,Kyoto Animation is Best✨🌸,https://www.tiktok.com/@evergarden744,Violet Evergarden💜✨,,,https://www.tiktok.com/@animeedit.nut/video/7501606229190462738,7501606229190462738,animeedit.nut,,2026-05-16T14:47:29+07:00,,False,dom,
dom_12b067f4,Notification,https://www.tiktok.com/@notification25764,is it worth watching?,,,https://www.tiktok.com/@animeedit.nut/video/7501606229190462738,7501606229190462738,animeedit.nut,,2026-05-16T14:47:29+07:00,,False,dom,
dom_770d76db,con chim,https://www.tiktok.com/@dimlaank,thấy violet lại nhớ bài đợi,,,https://www.tiktok.com/@animeedit.nut/video/7501606229190462738,7501606229190462738,animeedit.nut,,2026-05-16T14:47:29+07:00,,False,dom,
dom_4de79e96,MR.SHERLOCK#,https://www.tiktok.com/@mr.sherlock1026,bad ending ?,,,https://www.tiktok.com/@animeedit.nut/video/7501606229190462738,7501606229190462738,animeedit.nut,,2026-05-16T14:47:29+07:00,,False,dom,
dom_30b077a3,Tsurugi,https://www.tiktok.com/@jonathanvijar,is it good?should i watch it? come on guys my list is running out of good anime to watch tasukete kudasaiíi😭,,,https://www.tiktok.com/@animeedit.nut/video/7501606229190462738,7501606229190462738,animeedit.nut,,2026-05-16T14:47:29+07:00,,False,dom,
dom_330c3626,👽𝚄𝙽𝙲𝙻𝙴 𝙱𝚁𝙴𝙰𝙺𝙴𝚁👽,https://www.tiktok.com/@doc3_jj,worth to watch?,,,https://www.tiktok.com/@animeedit.nut/video/7501606229190462738,7501606229190462738,animeedit.nut,,2026-05-16T14:47:29+07:00,,False,dom,
dom_6632df18,★gab kaulitz★ • following,https://www.tiktok.com/@gabz_kaulitz,sorry shikimori won this trend,,,https://www.tiktok.com/@animeedit.nut/video/7501606229190462738,7501606229190462738,animeedit.nut,,2026-05-16T14:47:29+07:00,,False,dom,
dom_48689512,Moony,https://www.tiktok.com/@m_moonyg,Today only it came 3 times on my fyp .. is this a sign that i should be watching it?,,,https://www.tiktok.com/@animeedit.nut/video/7501606229190462738,7501606229190462738,animeedit.nut,,2026-05-16T14:47:29+07:00,,False,dom,
dom_2f8b721b,Rin 💢,https://www.tiktok.com/@anyaotaku69,meshan majugta somali o anime dawatu😭🥺,,,https://www.tiktok.com/@animeedit.nut/video/7501606229190462738,7501606229190462738,animeedit.nut,,2026-05-16T14:47:29+07:00,,False,dom,
dom_5d9b0b4f,dazai,https://www.tiktok.com/@ddazai.osamu,should I watch this anime?,,,https://www.tiktok.com/@animeedit.nut/video/7501606229190462738,7501606229190462738,animeedit.nut,,2026-05-16T14:47:29+07:00,,False,dom,
dom_566d2940,Sines,https://www.tiktok.com/@sines.mky8,nice❤️,,,https://www.tiktok.com/@animeedit.nut/video/7501606229190462738,7501606229190462738,animeedit.nut,,2026-05-16T14:47:29+07:00,,False,dom,
dom_1f845aad,& hugar $,https://www.tiktok.com/@njananging0,anime name pls🥺,,,https://www.tiktok.com/@animeedit.nut/video/7501606229190462738,7501606229190462738,animeedit.nut,,2026-05-16T14:47:29+07:00,,False,dom,
dom_6d61ca64,Z,https://www.tiktok.com/@evaaivy8,boyfriend reposted✌,,,https://www.tiktok.com/@animeedit.nut/video/7501606229190462738,7501606229190462738,animeedit.nut,,2026-05-16T14:47:29+07:00,,False,dom,
dom_7301a4da,⠀ ⠀ ⠀ khi•➜•,https://www.tiktok.com/@keitkheit,should i watch it? 👀,,,https://www.tiktok.com/@animeedit.nut/video/7501606229190462738,7501606229190462738,animeedit.nut,,2026-05-16T14:47:29+07:00,,False,dom,
dom_5a1667b8,Ƭ🏴,https://www.tiktok.com/@mostafa_99919,anime name please ❤️❤️❤️,,,https://www.tiktok.com/@animeedit.nut/video/7501606229190462738,7501606229190462738,animeedit.nut,,2026-05-16T14:47:29+07:00,,False,dom,
dom_3aa8ebd5,sιo⭐️,https://www.tiktok.com/@sio.editor,nice edit🔥🔥🔥,,,https://www.tiktok.com/@animeedit.nut/video/7501606229190462738,7501606229190462738,animeedit.nut,,2026-05-16T14:47:29+07:00,,False,dom,
7502322989963985672,pusanginamooooooo,https://www.tiktok.com/@pusanginamooooooo,Violet Evergarden in the big 2025 ❤️‍🩹❤️‍🩹🌹🌹,953.0,1746770708,https://www.tiktok.com/@animeedit.nut/video/7501606229190462738,7501606229190462738,animeedit.nut,,2026-05-16T14:47:31+07:00,0,False,api,
7515319806111908625,ng.hm.ma.h,https://www.tiktok.com/@ng.hm.ma.h,violet evergarden,3.0,1749796755,https://www.tiktok.com/@animeedit.nut/video/7501606229190462738,7501606229190462738,animeedit.nut,,2026-05-16T14:47:31+07:00,0,False,api,
7502331800251319057,anime45678910,https://www.tiktok.com/@anime45678910,all she do was thinking about albert,2.0,1746772771,https://www.tiktok.com/@animeedit.nut/video/7501606229190462738,7501606229190462738,animeedit.nut,,2026-05-16T14:47:31+07:00,0,False,api,
7634230892482790161,geidjdbe,https://www.tiktok.com/@geidjdbe,Violet is the best in anime girls for me.,2.0,1777482898,https://www.tiktok.com/@animeedit.nut/video/7501606229190462738,7501606229190462738,animeedit.nut,,2026-05-16T14:47:31+07:00,0,False,api,
7502173813636252422,lucass_lxc,https://www.tiktok.com/@lucass_lxc,the Best anime ❤️,22.0,1746735985,https://www.tiktok.com/@animeedit.nut/video/7501606229190462738,7501606229190462738,animeedit.nut,,2026-05-16T14:47:31+07:00,0,False,api,
7640034261201928980,dnam.27,https://www.tiktok.com/@dnam.27,愛してる,,1778834110,https://www.tiktok.com/@animeedit.nut/video/7501606229190462738,7501606229190462738,animeedit.nut,,2026-05-16T14:47:31+07:00,0,False,api,
7502430485726315271,lae.lae.win915,https://www.tiktok.com/@lae.lae.win915,animes is my life 💓,10.0,1746795733,https://www.tiktok.com/@animeedit.nut/video/7501606229190462738,7501606229190462738,animeedit.nut,,2026-05-16T14:47:31+07:00,0,False,api,
7502288895951012626,rotilarixd,https://www.tiktok.com/@rotilarixd,i bee wrong 🥀,7.0,1746762764,https://www.tiktok.com/@animeedit.nut/video/7501606229190462738,7501606229190462738,animeedit.nut,,2026-05-16T14:47:31+07:00,0,False,api,
7502428060617310984,ryoko_always_right,https://www.tiktok.com/@ryoko_always_right,Anime Name,5.0,1746795163,https://www.tiktok.com/@animeedit.nut/video/7501606229190462738,7501606229190462738,animeedit.nut,,2026-05-16T14:47:31+07:00,0,False,api,
7502370233383895815,jujutsu8730,https://www.tiktok.com/@jujutsu8730,anime movie,3.0,1746781708,https://www.tiktok.com/@animeedit.nut/video/7501606229190462738,7501606229190462738,animeedit.nut,,2026-05-16T14:47:31+07:00,0,False,api,
7502039110560744199,81776jp,https://www.tiktok.com/@81776jp,Nice edit🔥,4.0,1746704613,https://www.tiktok.com/@animeedit.nut/video/7501606229190462738,7501606229190462738,animeedit.nut,,2026-05-16T14:47:31+07:00,0,False,api,
7506126942047879944,lunzsukasamp,https://www.tiktok.com/@lunzsukasamp,The beautiful woman is Violet Evergarden,19.0,1747656377,https://www.tiktok.com/@animeedit.nut/video/7501606229190462738,7501606229190462738,animeedit.nut,,2026-05-16T14:47:31+07:00,0,False,api,
7502237124586980101,to_god_be_the_glories,https://www.tiktok.com/@to_god_be_the_glories,anime names😘🥰,3.0,1746750727,https://www.tiktok.com/@animeedit.nut/video/7501606229190462738,7501606229190462738,animeedit.nut,,2026-05-16T14:47:31+07:00,0,False,api,
7503519390513808136,tricositicion,https://www.tiktok.com/@tricositicion,sad ending?,3.0,1747049267,https://www.tiktok.com/@animeedit.nut/video/7501606229190462738,7501606229190462738,animeedit.nut,,2026-05-16T14:47:31+07:00,0,False,api,
7508711301327307538,moizmalikzero2,https://www.tiktok.com/@moizmalikzero2,Violet evergarden….. violet is name of flower in japan and evergarden mean love of humanity 👍💕,,1748258092,https://www.tiktok.com/@animeedit.nut/video/7501606229190462738,7501606229190462738,animeedit.nut,,2026-05-16T14:47:31+07:00,0,False,api,
7514265918399742738,its___me__ishant_tharu,https://www.tiktok.com/@its___me__ishant_tharu,we don't talk anymore 😭😭,3.0,1749551380,https://www.tiktok.com/@animeedit.nut/video/7501606229190462738,7501606229190462738,animeedit.nut,,2026-05-16T14:47:31+07:00,0,False,api,
7502161127104348936,_3q_o,https://www.tiktok.com/@_3q_o,[Sticker],47.0,1746733036,https://www.tiktok.com/@animeedit.nut/video/7501606229190462738,7501606229190462738,animeedit.nut,,2026-05-16T14:47:31+07:00,0,False,api,
7502159608825430806,giorgosp815,https://www.tiktok.com/@giorgosp815,violet peakgarden,60.0,1746732657,https://www.tiktok.com/@animeedit.nut/video/7501606229190462738,7501606229190462738,animeedit.nut,,2026-05-16T14:47:31+07:00,0,False,api,
7502469611481416466,wan.v4ri02,https://www.tiktok.com/@wan.v4ri02,we don't talk anymore 🤍,4.0,1746804838,https://www.tiktok.com/@animeedit.nut/video/7501606229190462738,7501606229190462738,animeedit.nut,,2026-05-16T14:47:31+07:00,0,False,api,
7502885390253523734,girl_animedit,https://www.tiktok.com/@girl_animedit,Violet Evergarden 😝💖,9.0,1746901640,https://www.tiktok.com/@animeedit.nut/video/7501606229190462738,7501606229190462738,animeedit.nut,,2026-05-16T14:47:31+07:00,0,False,api,
7501946323212043030,mmmaffe.44,https://www.tiktok.com/@mmmaffe.44,Violet Eberhardt Beautiful and Peak😍😍🔥🔥,20.0,1746683004,https://www.tiktok.com/@animeedit.nut/video/7501606229190462738,7501606229190462738,animeedit.nut,,2026-05-16T14:47:31+07:00,0,False,api,
7502091200846103314,l_l2109,https://www.tiktok.com/@l_l2109,waifu quốc dân 👍,5.0,1746716733,https://www.tiktok.com/@animeedit.nut/video/7501606229190462738,7501606229190462738,animeedit.nut,,2026-05-16T14:47:31+07:00,0,False,api,
7502010008914117393,haein.fh,https://www.tiktok.com/@haein.fh,my pretty girl 😫🤏,7.0,1746697833,https://www.tiktok.com/@animeedit.nut/video/7501606229190462738,7501606229190462738,animeedit.nut,,2026-05-16T14:47:31+07:00,0,False,api,
7502439163166589714,_iam_khai,https://www.tiktok.com/@_iam_khai,okay but with those braids... girl look alike like Fern.. expect the blue eye,5.0,1746797750,https://www.tiktok.com/@animeedit.nut/video/7501606229190462738,7501606229190462738,animeedit.nut,,2026-05-16T14:47:31+07:00,0,False,api,
7503276188228518661,annahere_0808_,https://www.tiktok.com/@annahere_0808_,Unpopular opinion: Violet and Amy should’ve ended up together,5.0,1746992644,https://www.tiktok.com/@animeedit.nut/video/7501606229190462738,7501606229190462738,animeedit.nut,,2026-05-16T14:47:31+07:00,0,False,api,
7502901227295834902,ilikebluenowiguess,https://www.tiktok.com/@ilikebluenowiguess,Kinda depends on you,8.0,1746905328,https://www.tiktok.com/@animeedit.nut/video/7501606229190462738,7501606229190462738,animeedit.nut,,2026-05-16T14:48:31+07:00,7502363608334304008,False,api,
7508548073058501394,who.is.this525,https://www.tiktok.com/@who.is.this525,He's alive. He's in the movie and they end up together,3.0,1748220100,https://www.tiktok.com/@animeedit.nut/video/7501606229190462738,7501606229190462738,animeedit.nut,,2026-05-16T14:48:31+07:00,7502363608334304008,False,api,
7514521450054681351,nashiqouu,https://www.tiktok.com/@nashiqouu,Bro don't spoil them it's unfair I cried alot because no one spoils me with this,1.0,1749610873,https://www.tiktok.com/@animeedit.nut/video/7501606229190462738,7501606229190462738,animeedit.nut,,2026-05-16T14:48:31+07:00,7502363608334304008,False,api,
7639195278953120533,john.paul.jabagat2,https://www.tiktok.com/@john.paul.jabagat2,yeah bro no spoilers,,1778638785,https://www.tiktok.com/@animeedit.nut/video/7501606229190462738,7501606229190462738,animeedit.nut,,2026-05-16T14:48:38+07:00,7502363608334304008,False,api,
7639195412699742997,john.paul.jabagat2,https://www.tiktok.com/@john.paul.jabagat2,just let them discover peak,,1778638805,https://www.tiktok.com/@animeedit.nut/video/7501606229190462738,7501606229190462738,animeedit.nut,,2026-05-16T14:48:38+07:00,7502363608334304008,False,api,
7502800004606132994,vision2301,https://www.tiktok.com/@vision2301,happy,1.0,1746881762,https://www.tiktok.com/@animeedit.nut/video/7501606229190462738,7501606229190462738,animeedit.nut,,2026-05-16T14:48:38+07:00,7502363608334304008,False,api,
dom_1bb58a33,Newt,https://www.tiktok.com/@ilikebluenowiguess,Kinda depends on you,,,https://www.tiktok.com/@animeedit.nut/video/7501606229190462738,7501606229190462738,animeedit.nut,,2026-05-16T14:48:40+07:00,,True,dom,
dom_1fb87240,Who is this?,https://www.tiktok.com/@who.is.this525,He's alive. He's in the movie and they end up together,,,https://www.tiktok.com/@animeedit.nut/video/7501606229190462738,7501606229190462738,animeedit.nut,,2026-05-16T14:48:40+07:00,,True,dom,
dom_16400dce,nashii,https://www.tiktok.com/@nashiqouu,Bro don't spoil them it's unfair I cried alot because no one spoils me with this,,,https://www.tiktok.com/@animeedit.nut/video/7501606229190462738,7501606229190462738,animeedit.nut,,2026-05-16T14:48:40+07:00,,True,dom,
dom_55f0be60,John Paul Jabagat,https://www.tiktok.com/@john.paul.jabagat2,yeah bro no spoilers,,,https://www.tiktok.com/@animeedit.nut/video/7501606229190462738,7501606229190462738,animeedit.nut,,2026-05-16T14:48:40+07:00,,True,dom,
dom_1c0a8035,John Paul Jabagat,https://www.tiktok.com/@john.paul.jabagat2,just let them discover peak,,,https://www.tiktok.com/@animeedit.nut/video/7501606229190462738,7501606229190462738,animeedit.nut,,2026-05-16T14:48:40+07:00,,True,dom,
dom_4a72e5fb,vision.,https://www.tiktok.com/@vision2301,happy,,,https://www.tiktok.com/@animeedit.nut/video/7501606229190462738,7501606229190462738,animeedit.nut,,2026-05-16T14:48:40+07:00,,True,dom,
dom_38b6524,Rian,https://www.tiktok.com/@rotilarixd,i bee wrong 🥀,,,https://www.tiktok.com/@animeedit.nut/video/7501606229190462738,7501606229190462738,animeedit.nut,,2026-05-16T14:48:40+07:00,,False,dom,
dom_46350565,𝑇𝒉𝑖𝑟𝑖,https://www.tiktok.com/@ryoko_always_right,Anime Name,,,https://www.tiktok.com/@animeedit.nut/video/7501606229190462738,7501606229190462738,animeedit.nut,,2026-05-16T14:48:40+07:00,,False,dom,
dom_70c097f0,"DY""S",https://www.tiktok.com/@jujutsu8730,anime movie,,,https://www.tiktok.com/@animeedit.nut/video/7501606229190462738,7501606229190462738,animeedit.nut,,2026-05-16T14:48:40+07:00,,False,dom,
dom_23ed9e70,Jayrald,https://www.tiktok.com/@pusanginamooooooo,Violet Evergarden in the big 2025 ❤️‍🩹❤️‍🩹🌹🌹,,,https://www.tiktok.com/@animeedit.nut/video/7501606229190462738,7501606229190462738,animeedit.nut,,2026-05-16T14:48:40+07:00,,False,dom,
dom_4cecde1d,Jason🤍,https://www.tiktok.com/@81776jp,Nice edit🔥,,,https://www.tiktok.com/@animeedit.nut/video/7501606229190462738,7501606229190462738,animeedit.nut,,2026-05-16T14:48:40+07:00,,False,dom,
dom_7f21649b,luz suka boren,https://www.tiktok.com/@lunzsukasamp,The beautiful woman is Violet Evergarden,,,https://www.tiktok.com/@animeedit.nut/video/7501606229190462738,7501606229190462738,animeedit.nut,,2026-05-16T14:48:40+07:00,,False,dom,
dom_a0d0e83,русский мальчик,https://www.tiktok.com/@to_god_be_the_glories,anime names😘🥰,,,https://www.tiktok.com/@animeedit.nut/video/7501606229190462738,7501606229190462738,animeedit.nut,,2026-05-16T14:48:40+07:00,,False,dom,
dom_4974f181,Nerdieh.,https://www.tiktok.com/@tricositicion,sad ending?,,,https://www.tiktok.com/@animeedit.nut/video/7501606229190462738,7501606229190462738,animeedit.nut,,2026-05-16T14:48:40+07:00,,False,dom,
dom_68be4377,ZERO-2,https://www.tiktok.com/@moizmalikzero2,Violet evergarden….. violet is name of flower in japan and evergarden mean love of humanity 👍💕,,,https://www.tiktok.com/@animeedit.nut/video/7501606229190462738,7501606229190462738,animeedit.nut,,2026-05-16T14:48:40+07:00,,False,dom,
dom_795ac065,استغفر الله العظيم واتوب اليه,https://www.tiktok.com/@_3q_o,[Sticker],,,https://www.tiktok.com/@animeedit.nut/video/7501606229190462738,7501606229190462738,animeedit.nut,,2026-05-16T14:48:40+07:00,,False,dom,
dom_2a2c5345,giorgosp,https://www.tiktok.com/@giorgosp815,violet peakgarden,,,https://www.tiktok.com/@animeedit.nut/video/7501606229190462738,7501606229190462738,animeedit.nut,,2026-05-16T14:48:40+07:00,,False,dom,
dom_6afd9a89,★girl_animedit★,https://www.tiktok.com/@girl_animedit,Violet Evergarden 😝💖,,,https://www.tiktok.com/@animeedit.nut/video/7501606229190462738,7501606229190462738,animeedit.nut,,2026-05-16T14:48:40+07:00,,False,dom,
dom_6b455325,リムル |Rimuru☦️🎴,https://www.tiktok.com/@mmmaffe.44,Violet Eberhardt Beautiful and Peak😍😍🔥🔥,,,https://www.tiktok.com/@animeedit.nut/video/7501606229190462738,7501606229190462738,animeedit.nut,,2026-05-16T14:48:40+07:00,,False,dom,
dom_cf96587,Lg,https://www.tiktok.com/@l_l2109,waifu quốc dân 👍,,,https://www.tiktok.com/@animeedit.nut/video/7501606229190462738,7501606229190462738,animeedit.nut,,2026-05-16T14:48:40+07:00,,False,dom,
dom_730f1150,𝓒𝓱𝓪𝓗𝓪𝓮𝓲𝓷,https://www.tiktok.com/@haein.fh,my pretty girl 😫🤏,,,https://www.tiktok.com/@animeedit.nut/video/7501606229190462738,7501606229190462738,animeedit.nut,,2026-05-16T14:48:40+07:00,,False,dom,
dom_456470ad,chullee,https://www.tiktok.com/@_iam_khai,okay but with those braids... girl look alike like Fern.. expect the blue eye,,,https://www.tiktok.com/@animeedit.nut/video/7501606229190462738,7501606229190462738,animeedit.nut,,2026-05-16T14:48:40+07:00,,False,dom,
dom_12f9c381,Anna,https://www.tiktok.com/@annahere_0808_,Unpopular opinion: Violet and Amy should’ve ended up together,,,https://www.tiktok.com/@animeedit.nut/video/7501606229190462738,7501606229190462738,animeedit.nut,,2026-05-16T14:48:40+07:00,,False,dom,
7502245230800880402,wastesoftime0,https://www.tiktok.com/@wastesoftime0,those who watch the 12 episode and the other one like a movie and the movie NGL it's a good ending,3.0,1746752610,https://www.tiktok.com/@animeedit.nut/video/7501606229190462738,7501606229190462738,animeedit.nut,,2026-05-16T14:48:44+07:00,0,False,api,
7505240531951567624,tandung0302,https://www.tiktok.com/@tandung0302,Hộ tớ vd vs ạ tớ cảm ơn ạ,2.0,1747450012,https://www.tiktok.com/@animeedit.nut/video/7501606229190462738,7501606229190462738,animeedit.nut,,2026-05-16T14:48:44+07:00,0,False,api,
7502299869348889351,_13thg3_21,https://www.tiktok.com/@_13thg3_21,"một búp bê xinh đẹp, đẹp đến mức khiến ngkh phải xiêu lòng",3.0,1746765321,https://www.tiktok.com/@animeedit.nut/video/7501606229190462738,7501606229190462738,animeedit.nut,,2026-05-16T14:48:44+07:00,0,False,api,
7510558818972975894,marleen_7992,https://www.tiktok.com/@marleen_7992,Violet Evergarden is peak,,1748688256,https://www.tiktok.com/@animeedit.nut/video/7501606229190462738,7501606229190462738,animeedit.nut,,2026-05-16T14:48:44+07:00,0,False,api,
7501958232513102599,violet_evergarden8211,https://www.tiktok.com/@violet_evergarden8211,Violet Evergarden 🥀,3.0,1746685777,https://www.tiktok.com/@animeedit.nut/video/7501606229190462738,7501606229190462738,animeedit.nut,,2026-05-16T14:48:44+07:00,0,False,api,
7502373482173317895,it.shawn,https://www.tiktok.com/@it.shawn,summer ghost damn kids......,4.0,1746782458,https://www.tiktok.com/@animeedit.nut/video/7501606229190462738,7501606229190462738,animeedit.nut,,2026-05-16T14:48:44+07:00,0,False,api,
7502420992234373895,suhanbaral735,https://www.tiktok.com/@suhanbaral735,What a coincidence!! I just started just violet evergarden 2 days ago !!🔥🔥,4.0,1746793525,https://www.tiktok.com/@animeedit.nut/video/7501606229190462738,7501606229190462738,animeedit.nut,,2026-05-16T14:48:44+07:00,0,False,api,
7510221144487592722,tezuka.v,https://www.tiktok.com/@tezuka.v,MIKASA VOICE!!,2.0,1748609629,https://www.tiktok.com/@animeedit.nut/video/7501606229190462738,7501606229190462738,animeedit.nut,,2026-05-16T14:48:44+07:00,0,False,api,
7502215159907320594,unaisah.an,https://www.tiktok.com/@unaisah.an,this is karbit yu know karbit 🥰🥰,4.0,1746745633,https://www.tiktok.com/@animeedit.nut/video/7501606229190462738,7501606229190462738,animeedit.nut,,2026-05-16T14:48:44+07:00,0,False,api,
7502160773050958614,l_o_l_o_zero,https://www.tiktok.com/@l_o_l_o_zero,Violet Evergarden ❤️‍🩹,4.0,1746732928,https://www.tiktok.com/@animeedit.nut/video/7501606229190462738,7501606229190462738,animeedit.nut,,2026-05-16T14:48:44+07:00,0,False,api,
7504397691787870994,dioshi6,https://www.tiktok.com/@dioshi6,violet evergarden peak,4.0,1747253773,https://www.tiktok.com/@animeedit.nut/video/7501606229190462738,7501606229190462738,animeedit.nut,,2026-05-16T14:48:44+07:00,0,False,api,
7502333149172024082,kiazyza0,https://www.tiktok.com/@kiazyza0,violet or alya😏,3.0,1746773069,https://www.tiktok.com/@animeedit.nut/video/7501606229190462738,7501606229190462738,animeedit.nut,,2026-05-16T14:48:44+07:00,0,False,api,
7505280444230796039,kaphonno7,https://www.tiktok.com/@kaphonno7,I've raised my ranking to No. 1 in 2019. 🥰,2.0,1747459288,https://www.tiktok.com/@animeedit.nut/video/7501606229190462738,7501606229190462738,animeedit.nut,,2026-05-16T14:48:44+07:00,0,False,api,
7502060743254246161,kong4901,https://www.tiktok.com/@kong4901,violet is peak,4.0,1746709649,https://www.tiktok.com/@animeedit.nut/video/7501606229190462738,7501606229190462738,animeedit.nut,,2026-05-16T14:48:44+07:00,0,False,api,
7502443075780903701,yorita_syu,https://www.tiktok.com/@yorita_syu,my type,5.0,1746798659,https://www.tiktok.com/@animeedit.nut/video/7501606229190462738,7501606229190462738,animeedit.nut,,2026-05-16T14:48:45+07:00,0,False,api,
7502139837970825990,darkblade2390,https://www.tiktok.com/@darkblade2390,violet so peak❤️,5.0,1746728081,https://www.tiktok.com/@animeedit.nut/video/7501606229190462738,7501606229190462738,animeedit.nut,,2026-05-16T14:48:45+07:00,0,False,api,
7639045881006195477,nat51113,https://www.tiktok.com/@nat51113,[Sticker],1.0,1778603985,https://www.tiktok.com/@animeedit.nut/video/7501606229190462738,7501606229190462738,animeedit.nut,,2026-05-16T14:48:45+07:00,0,False,api,
7502226709576876807,trezzz007,https://www.tiktok.com/@trezzz007,violet di balik jadi 😹,2.0,1746748305,https://www.tiktok.com/@animeedit.nut/video/7501606229190462738,7501606229190462738,animeedit.nut,,2026-05-16T14:48:45+07:00,0,False,api,
7502514763362517765,n8619044,https://www.tiktok.com/@n8619044,الانمي هذا عييت ندير الشجاعة باه نتفرجو تنصحوني ؟,3.0,1746815381,https://www.tiktok.com/@animeedit.nut/video/7501606229190462738,7501606229190462738,animeedit.nut,,2026-05-16T14:48:45+07:00,0,False,api,
7501611216931554064,edits_random1076,https://www.tiktok.com/@edits_random1076,mas apoyo a esto,9.0,1746604998,https://www.tiktok.com/@animeedit.nut/video/7501606229190462738,7501606229190462738,animeedit.nut,,2026-05-16T14:48:45+07:00,0,False,api,
7502488867263824695,overkill_ggr,https://www.tiktok.com/@overkill_ggr,Violet Evergarden 💜💙,12.0,1746809352,https://www.tiktok.com/@animeedit.nut/video/7501606229190462738,7501606229190462738,animeedit.nut,,2026-05-16T14:48:45+07:00,0,False,api,
7502568738790851335,3h._04,https://www.tiktok.com/@3h._04,بحسد الناس يلي لسى م تابعتوا😔💔,8.0,1746827962,https://www.tiktok.com/@animeedit.nut/video/7501606229190462738,7501606229190462738,animeedit.nut,,2026-05-16T14:48:45+07:00,0,False,api,
7502560872994587399,7u7_1.7,https://www.tiktok.com/@7u7_1.7,El arte va en el museo bro 🗿🔥,100.0,1746826151,https://www.tiktok.com/@animeedit.nut/video/7501606229190462738,7501606229190462738,animeedit.nut,,2026-05-16T14:48:45+07:00,0,False,api,
7513911192467145488,aqila.wafik,https://www.tiktok.com/@aqila.wafik,kok gw nonton bosen ya,5.0,1749468791,https://www.tiktok.com/@animeedit.nut/video/7501606229190462738,7501606229190462738,animeedit.nut,,2026-05-16T14:48:45+07:00,0,False,api,
7502221635933586183,tasya.shan,https://www.tiktok.com/@tasya.shan,karakter anime girl tercantik🥵🥵,239.0,1746747139,https://www.tiktok.com/@animeedit.nut/video/7501606229190462738,7501606229190462738,animeedit.nut,,2026-05-16T14:48:45+07:00,0,False,api,
7502467791618966290,prof.bahlul,https://www.tiktok.com/@prof.bahlul,Nih anime nyeritain tentang apa cuy?,11.0,1746804414,https://www.tiktok.com/@animeedit.nut/video/7501606229190462738,7501606229190462738,animeedit.nut,,2026-05-16T14:48:45+07:00,0,False,api,
7503108476021785362,lileil2,https://www.tiktok.com/@lileil2,ياخي افخم شخصية بنت فالانمي كله - متستره ، فخمه . محترمه - اسطوريه هي واماني الي فديمون سلاير .,14.0,1746953587,https://www.tiktok.com/@animeedit.nut/video/7501606229190462738,7501606229190462738,animeedit.nut,,2026-05-16T14:48:45+07:00,0,False,api,
7501749992786248455,xiaoshi_mika,https://www.tiktok.com/@xiaoshi_mika,ชัดๆ,2.0,1746637298,https://www.tiktok.com/@animeedit.nut/video/7501606229190462738,7501606229190462738,animeedit.nut,,2026-05-16T14:48:45+07:00,0,False,api,
7502490879455052549,lamya._.17,https://www.tiktok.com/@lamya._.17,تنصحوني فيه,6.0,1746809810,https://www.tiktok.com/@animeedit.nut/video/7501606229190462738,7501606229190462738,animeedit.nut,,2026-05-16T14:48:45+07:00,0,False,api,
7635969180923773716,wibusejati0_0,https://www.tiktok.com/@wibusejati0_0,nama anime ya apa sih masa gua ngewaifuin tapi ga nonton rugi dong kasih tau dong,1.0,1777887636,https://www.tiktok.com/@animeedit.nut/video/7501606229190462738,7501606229190462738,animeedit.nut,,2026-05-16T14:48:45+07:00,0,False,api,
7502500509385032453,madi__20m,https://www.tiktok.com/@madi__20m,Интересно ли смотреть это аниме?,9.0,1746812061,https://www.tiktok.com/@animeedit.nut/video/7501606229190462738,7501606229190462738,animeedit.nut,,2026-05-16T14:48:45+07:00,0,False,api,
7502873185546011398,lilazzw,https://www.tiktok.com/@lilazzw,não consigo mais ver esse anime toda parte eu choro não tem um momento já sou muito sentimental imagina se eu ver novamente vou chorar por 2 meses,8.0,1746898819,https://www.tiktok.com/@animeedit.nut/video/7501606229190462738,7501606229190462738,animeedit.nut,,2026-05-16T14:48:45+07:00,0,False,api,
7502122522600669959,xr._.76,https://www.tiktok.com/@xr._.76,البطلة الوحيدة اللي تقبلتها عن باقي انميات البطلات، صراحه والله.( انا ما اقصد ان البطلات الرئيسيات مش كويسين بس انا ما قدرت ابلعهم صراحه). اقصد بطلات الانمي بدون بطل رئيسي. فايوليت»»»» بطلات الانمي.,21.0,1746724038,https://www.tiktok.com/@animeedit.nut/video/7501606229190462738,7501606229190462738,animeedit.nut,,2026-05-16T14:48:45+07:00,0,False,api,
7523251116861555464,kucingkayangterbangg,https://www.tiktok.com/@kucingkayangterbangg,tetap HINATA NO CONTER,,1751643408,https://www.tiktok.com/@animeedit.nut/video/7501606229190462738,7501606229190462738,animeedit.nut,,2026-05-16T14:48:45+07:00,0,False,api,
dom_44945433,Syu.,https://www.tiktok.com/@yorita_syu,my type,,,https://www.tiktok.com/@animeedit.nut/video/7501606229190462738,7501606229190462738,animeedit.nut,,2026-05-16T14:49:57+07:00,,False,dom,
dom_45b9f9d7,darkblade,https://www.tiktok.com/@darkblade2390,violet so peak❤️,,,https://www.tiktok.com/@animeedit.nut/video/7501606229190462738,7501606229190462738,animeedit.nut,,2026-05-16T14:49:57+07:00,,False,dom,
dom_483353ad,jimmy,https://www.tiktok.com/@nat51113,[Sticker],,,https://www.tiktok.com/@animeedit.nut/video/7501606229190462738,7501606229190462738,animeedit.nut,,2026-05-16T14:49:57+07:00,,False,dom,
dom_4b3b639d,The-Holmes•,https://www.tiktok.com/@trezzz007,violet di balik jadi 😹,,,https://www.tiktok.com/@animeedit.nut/video/7501606229190462738,7501606229190462738,animeedit.nut,,2026-05-16T14:49:57+07:00,,False,dom,
dom_519ee645,bîila-05,https://www.tiktok.com/@n8619044,الانمي هذا عييت ندير الشجاعة باه نتفرجو تنصحوني ؟,,,https://www.tiktok.com/@animeedit.nut/video/7501606229190462738,7501606229190462738,animeedit.nut,,2026-05-16T14:49:57+07:00,,False,dom,
dom_2cb41c4,Edits_Randomxd,https://www.tiktok.com/@edits_random1076,mas apoyo a esto,,,https://www.tiktok.com/@animeedit.nut/video/7501606229190462738,7501606229190462738,animeedit.nut,,2026-05-16T14:49:57+07:00,,False,dom,
dom_5d7539e3,°^°,https://www.tiktok.com/@overkill_ggr,Violet Evergarden 💜💙,,,https://www.tiktok.com/@animeedit.nut/video/7501606229190462738,7501606229190462738,animeedit.nut,,2026-05-16T14:49:57+07:00,,False,dom,
dom_265fbeab,hal._.a,https://www.tiktok.com/@3h._04,بحسد الناس يلي لسى م تابعتوا😔💔,,,https://www.tiktok.com/@animeedit.nut/video/7501606229190462738,7501606229190462738,animeedit.nut,,2026-05-16T14:49:57+07:00,,False,dom,
dom_5b8f0848,gracias por su apoyo :3,https://www.tiktok.com/@7u7_1.7,El arte va en el museo bro 🗿🔥,,,https://www.tiktok.com/@animeedit.nut/video/7501606229190462738,7501606229190462738,animeedit.nut,,2026-05-16T14:49:57+07:00,,False,dom,
dom_10981a81,apik,https://www.tiktok.com/@aqila.wafik,kok gw nonton bosen ya,,,https://www.tiktok.com/@animeedit.nut/video/7501606229190462738,7501606229190462738,animeedit.nut,,2026-05-16T14:49:57+07:00,,False,dom,
dom_3650a58a,thαsyα!高🫧,https://www.tiktok.com/@tasya.shan,karakter anime girl tercantik🥵🥵,,,https://www.tiktok.com/@animeedit.nut/video/7501606229190462738,7501606229190462738,animeedit.nut,,2026-05-16T14:49:57+07:00,,False,dom,
dom_7d00b9f0,Prof. Bahlul,https://www.tiktok.com/@prof.bahlul,Nih anime nyeritain tentang apa cuy?,,,https://www.tiktok.com/@animeedit.nut/video/7501606229190462738,7501606229190462738,animeedit.nut,,2026-05-16T14:49:57+07:00,,False,dom,
dom_67ee2cd6,ندا المطيري,https://www.tiktok.com/@lileil2,ياخي افخم شخصية بنت فالانمي كله - متستره ، فخمه . محترمه - اسطوريه هي واماني الي فديمون سلاير .,,,https://www.tiktok.com/@animeedit.nut/video/7501606229190462738,7501606229190462738,animeedit.nut,,2026-05-16T14:49:57+07:00,,False,dom,
dom_39ef79a4,Alpha wife,https://www.tiktok.com/@xiaoshi_mika,ชัดๆ,,,https://www.tiktok.com/@animeedit.nut/video/7501606229190462738,7501606229190462738,animeedit.nut,,2026-05-16T14:49:57+07:00,,False,dom,
dom_67ab4e7f,lamya._.17,https://www.tiktok.com/@lamya._.17,تنصحوني فيه,,,https://www.tiktok.com/@animeedit.nut/video/7501606229190462738,7501606229190462738,animeedit.nut,,2026-05-16T14:49:57+07:00,,False,dom,
dom_75cb64e3,wibu,https://www.tiktok.com/@wibusejati0_0,nama anime ya apa sih masa gua ngewaifuin tapi ga nonton rugi dong kasih tau dong,,,https://www.tiktok.com/@animeedit.nut/video/7501606229190462738,7501606229190462738,animeedit.nut,,2026-05-16T14:49:57+07:00,,False,dom,
dom_5455d7a7,madi,https://www.tiktok.com/@madi__20m,Интересно ли смотреть это аниме?,,,https://www.tiktok.com/@animeedit.nut/video/7501606229190462738,7501606229190462738,animeedit.nut,,2026-05-16T14:49:57+07:00,,False,dom,
dom_626a8593,Yena Vitória,https://www.tiktok.com/@lilazzw,não consigo mais ver esse anime toda parte eu choro não tem um momento já sou muito sentimental imagina se eu ver novamente vou chorar por 2 meses,,,https://www.tiktok.com/@animeedit.nut/video/7501606229190462738,7501606229190462738,animeedit.nut,,2026-05-16T14:49:57+07:00,,False,dom,
dom_3e388167,XR_7,https://www.tiktok.com/@xr._.76,البطلة الوحيدة اللي تقبلتها عن باقي انميات البطلات، صراحه والله.( انا ما اقصد ان البطلات الرئيسيات مش كويسين بس انا ما قدرت ابلعهم صراحه). اقصد بطلات الانمي بدون بطل رئيسي. فايوليت»»»» بطلات الانمي.,,,https://www.tiktok.com/@animeedit.nut/video/7501606229190462738,7501606229190462738,animeedit.nut,,2026-05-16T14:49:57+07:00,,False,dom,
dom_4186e913,Young,https://www.tiktok.com/@kucingkayangterbangg,tetap HINATA NO CONTER,,,https://www.tiktok.com/@animeedit.nut/video/7501606229190462738,7501606229190462738,animeedit.nut,,2026-05-16T14:49:57+07:00,,False,dom,
7523871803622982401,qbflp6,https://www.tiktok.com/@qbflp6,violet evergarden🔥,,1751787924,https://www.tiktok.com/@animeedit.nut/video/7501606229190462738,7501606229190462738,animeedit.nut,,2026-05-16T14:50:33+07:00,0,False,api,
7502303231344345864,jiff_cyber,https://www.tiktok.com/@jiff_cyber,Violet Evergarden is its peak 🤍,2.0,1746766111,https://www.tiktok.com/@animeedit.nut/video/7501606229190462738,7501606229190462738,animeedit.nut,,2026-05-16T14:50:33+07:00,0,False,api,
7502468376586011400,mikasa_fangirl_official2,https://www.tiktok.com/@mikasa_fangirl_official2,is it just me or she looks like female ren amaki,2.0,1746804552,https://www.tiktok.com/@animeedit.nut/video/7501606229190462738,7501606229190462738,animeedit.nut,,2026-05-16T14:50:33+07:00,0,False,api,
7503866772236813074,azhp030405,https://www.tiktok.com/@azhp030405,Violet Evergarden 🌷❤️,2.0,1747130146,https://www.tiktok.com/@animeedit.nut/video/7501606229190462738,7501606229190462738,animeedit.nut,,2026-05-16T14:50:33+07:00,0,False,api,
7502835610521535254,shinako80,https://www.tiktok.com/@shinako80,she's an absoulte beauty also Violet Evergarden mentioned!!!,2.0,1746890052,https://www.tiktok.com/@animeedit.nut/video/7501606229190462738,7501606229190462738,animeedit.nut,,2026-05-16T14:50:33+07:00,0,False,api,
7503101805560939286,magical.films3,https://www.tiktok.com/@magical.films3,Best female character in TV,2.0,1746952030,https://www.tiktok.com/@animeedit.nut/video/7501606229190462738,7501606229190462738,animeedit.nut,,2026-05-16T14:50:33+07:00,0,False,api,
7502424011763270416,azrul21453,https://www.tiktok.com/@azrul21453,Mikasa voice 😍,3.0,1746794225,https://www.tiktok.com/@animeedit.nut/video/7501606229190462738,7501606229190462738,animeedit.nut,,2026-05-16T14:50:33+07:00,0,False,api,
7501635412093436680,lockieru,https://www.tiktok.com/@lockieru,beautiful 💛,4.0,1746610620,https://www.tiktok.com/@animeedit.nut/video/7501606229190462738,7501606229190462738,animeedit.nut,,2026-05-16T14:50:33+07:00,0,False,api,
7502468727340106497,hmvnboi,https://www.tiktok.com/@hmvnboi,violet💗,2.0,1746804641,https://www.tiktok.com/@animeedit.nut/video/7501606229190462738,7501606229190462738,animeedit.nut,,2026-05-16T14:50:33+07:00,0,False,api,
7503554912853508869,cytrix2,https://www.tiktok.com/@cytrix2,Ideal woman🐙🍷,2.0,1747057547,https://www.tiktok.com/@animeedit.nut/video/7501606229190462738,7501606229190462738,animeedit.nut,,2026-05-16T14:50:33+07:00,0,False,api,
7502027252110426888,tharu_chy1,https://www.tiktok.com/@tharu_chy1,masterpiece💐,3.0,1746701857,https://www.tiktok.com/@animeedit.nut/video/7501606229190462738,7501606229190462738,animeedit.nut,,2026-05-16T14:50:33+07:00,0,False,api,
7504156367566062337,rennsry,https://www.tiktok.com/@rennsry,she looks like Nishimiya,2.0,1747197577,https://www.tiktok.com/@animeedit.nut/video/7501606229190462738,7501606229190462738,animeedit.nut,,2026-05-16T14:50:33+07:00,0,False,api,
7502459707697922838,xxxtentation.15,https://www.tiktok.com/@xxxtentation.15,Mary Poppins yall 😂😂,3.0,1746802529,https://www.tiktok.com/@animeedit.nut/video/7501606229190462738,7501606229190462738,animeedit.nut,,2026-05-16T14:50:33+07:00,0,False,api,
7503190560284033814,salvatoremichienzi,https://www.tiktok.com/@salvatoremichienzi,Violet Evergarden 💓💓💓,1.0,1746972694,https://www.tiktok.com/@animeedit.nut/video/7501606229190462738,7501606229190462738,animeedit.nut,,2026-05-16T14:50:33+07:00,0,False,api,
7502398922422502164,nocyro,https://www.tiktok.com/@nocyro,nice,3.0,1746788383,https://www.tiktok.com/@animeedit.nut/video/7501606229190462738,7501606229190462738,animeedit.nut,,2026-05-16T14:50:33+07:00,0,False,api,
7502511643487503106,minjun._18,https://www.tiktok.com/@minjun._18,I love her❤️,2.0,1746814620,https://www.tiktok.com/@animeedit.nut/video/7501606229190462738,7501606229190462738,animeedit.nut,,2026-05-16T14:50:33+07:00,0,False,api,
7502419459704079126,kakaroto_hao,https://www.tiktok.com/@kakaroto_hao,Violet evergarden sous côté,122.0,1746793161,https://www.tiktok.com/@animeedit.nut/video/7501606229190462738,7501606229190462738,animeedit.nut,,2026-05-16T14:50:33+07:00,0,False,api,
7503925159151158046,shahed.sub.labn,https://www.tiktok.com/@shahed.sub.labn,أجمل أنثى بعالم الأنمي,72.0,1747143758,https://www.tiktok.com/@animeedit.nut/video/7501606229190462738,7501606229190462738,animeedit.nut,,2026-05-16T14:50:33+07:00,0,False,api,
7502311212974228244,n4naxybczz2,https://www.tiktok.com/@n4naxybczz2,"heran bet sama orang-orang yang jago ngedit, kek apa gito lohhh, kerenn bett 😭😭",819.0,1746767961,https://www.tiktok.com/@animeedit.nut/video/7501606229190462738,7501606229190462738,animeedit.nut,,2026-05-16T14:50:33+07:00,0,False,api,
7502040604475867905,godcomzz1,https://www.tiktok.com/@godcomzz1,มีพากย์ไทยไหมครับ,3.0,1746704960,https://www.tiktok.com/@animeedit.nut/video/7501606229190462738,7501606229190462738,animeedit.nut,,2026-05-16T14:50:33+07:00,0,False,api,
7502542539935187718,little_bee118,https://www.tiktok.com/@little_bee118,Quién no a visto Anne waith an e a cualquier Violet evergarden le reza 🗿👊💅,7.0,1746821847,https://www.tiktok.com/@animeedit.nut/video/7501606229190462738,7501606229190462738,animeedit.nut,,2026-05-16T14:50:33+07:00,0,False,api,
7502368861594436372,bananamurf2,https://www.tiktok.com/@bananamurf2,kagura!!!,7.0,1746781385,https://www.tiktok.com/@animeedit.nut/video/7501606229190462738,7501606229190462738,animeedit.nut,,2026-05-16T14:50:33+07:00,0,False,api,
7502516544842056466,trkkk505,https://www.tiktok.com/@trkkk505,تنصحوني اتابعة؟ ؟,33.0,1746815778,https://www.tiktok.com/@animeedit.nut/video/7501606229190462738,7501606229190462738,animeedit.nut,,2026-05-16T14:50:33+07:00,0,False,api,
7502162385885528887,hali_hh,https://www.tiktok.com/@hali_hh,Самый скучный аниме😍😍😍,84.0,1746733321,https://www.tiktok.com/@animeedit.nut/video/7501606229190462738,7501606229190462738,animeedit.nut,,2026-05-16T14:50:33+07:00,0,False,api,
7502828748494193430,desi_.2,https://www.tiktok.com/@desi_.2,"pero si perdió los bracitos , como se ve en una escena las manos vendadas",9.0,1746888453,https://www.tiktok.com/@animeedit.nut/video/7501606229190462738,7501606229190462738,animeedit.nut,,2026-05-16T14:50:33+07:00,0,False,api,
7503692377389286199,kiyoka085,https://www.tiktok.com/@kiyoka085,Me la quiero ver la recomiendan?,21.0,1747089573,https://www.tiktok.com/@animeedit.nut/video/7501606229190462738,7501606229190462738,animeedit.nut,,2026-05-16T14:50:33+07:00,0,False,api,
7502068489432253192,lensy_6,https://www.tiktok.com/@lensy_6,เนื้อเรื่อง เป็นไงครับไม่เคยดู,68.0,1746711446,https://www.tiktok.com/@animeedit.nut/video/7501606229190462738,7501606229190462738,animeedit.nut,,2026-05-16T14:50:33+07:00,0,False,api,
7502486814821843719,mokki529,https://www.tiktok.com/@mokki529,Название: Вайолет Эвергарден Жанр:Драма фентези приключения Серии:13 (хочу стать легендой),106.0,1746808843,https://www.tiktok.com/@animeedit.nut/video/7501606229190462738,7501606229190462738,animeedit.nut,,2026-05-16T14:50:33+07:00,0,False,api,
7503164044133483272,callmepacarnagi,https://www.tiktok.com/@callmepacarnagi,anime ini ada ga si di animeplay?,3.0,1746966525,https://www.tiktok.com/@animeedit.nut/video/7501606229190462738,7501606229190462738,animeedit.nut,,2026-05-16T14:50:33+07:00,0,False,api,
7502367619250750216,jenengankowetmpe,https://www.tiktok.com/@jenengankowetmpe,waifu gw mahiru tapi gw mengakui violet karakter tercantik sumpah🤭,2.0,1746781098,https://www.tiktok.com/@animeedit.nut/video/7501606229190462738,7501606229190462738,animeedit.nut,,2026-05-16T14:50:33+07:00,0,False,api,
7502789996564480776,hf_636363,https://www.tiktok.com/@hf_636363,اسمهههههههههههههههه,4.0,1746879446,https://www.tiktok.com/@animeedit.nut/video/7501606229190462738,7501606229190462738,animeedit.nut,,2026-05-16T14:50:33+07:00,0,False,api,
7502278765256868628,solitary8651,https://www.tiktok.com/@solitary8651,ผู้หญิงในฝัน💘,8.0,1746760418,https://www.tiktok.com/@animeedit.nut/video/7501606229190462738,7501606229190462738,animeedit.nut,,2026-05-16T14:50:33+07:00,0,False,api,
7502503564612567830,marie.ee.06,https://www.tiktok.com/@marie.ee.06,olalala ma fyppp,3.0,1746812742,https://www.tiktok.com/@animeedit.nut/video/7501606229190462738,7501606229190462738,animeedit.nut,,2026-05-16T14:50:33+07:00,0,False,api,
7502168667951104784,hendramahendra235,https://www.tiktok.com/@hendramahendra235,kenapa ya gw kalo nonton piolet suka sakit hati liat nya,9.0,1746734790,https://www.tiktok.com/@animeedit.nut/video/7501606229190462738,7501606229190462738,animeedit.nut,,2026-05-16T14:50:33+07:00,0,False,api,
7502218332529099528,zetton_5,https://www.tiktok.com/@zetton_5,secantik ini masih ada yang hujat 😭😭😭,15.0,1746746370,https://www.tiktok.com/@animeedit.nut/video/7501606229190462738,7501606229190462738,animeedit.nut,,2026-05-16T14:50:33+07:00,0,False,api,
7505498664800371457,6m864,https://www.tiktok.com/@6m864,هذا الانمي متعة بصرية✨,3.0,1747510117,https://www.tiktok.com/@animeedit.nut/video/7501606229190462738,7501606229190462738,animeedit.nut,,2026-05-16T14:50:33+07:00,0,False,api,
dom_229fb481,Kakaroto_Hao,https://www.tiktok.com/@kakaroto_hao,Violet evergarden sous côté,,,https://www.tiktok.com/@animeedit.nut/video/7501606229190462738,7501606229190462738,animeedit.nut,,2026-05-16T14:50:59+07:00,,False,dom,
dom_5fcaeae5,shahed 🍯,https://www.tiktok.com/@shahed.sub.labn,أجمل أنثى بعالم الأنمي,,,https://www.tiktok.com/@animeedit.nut/video/7501606229190462738,7501606229190462738,animeedit.nut,,2026-05-16T14:50:59+07:00,,False,dom,
dom_36631fb9,only floryn 🦋,https://www.tiktok.com/@n4naxybczz2,"heran bet sama orang-orang yang jago ngedit, kek apa gito lohhh, kerenn bett 😭😭",,,https://www.tiktok.com/@animeedit.nut/video/7501606229190462738,7501606229190462738,animeedit.nut,,2026-05-16T14:50:59+07:00,,False,dom,
dom_3cffe85d,Hi,https://www.tiktok.com/@godcomzz1,มีพากย์ไทยไหมครับ,,,https://www.tiktok.com/@animeedit.nut/video/7501606229190462738,7501606229190462738,animeedit.nut,,2026-05-16T14:50:59+07:00,,False,dom,
dom_5cbc1cdd,nakuna targaryen,https://www.tiktok.com/@little_bee118,Quién no a visto Anne waith an e a cualquier Violet evergarden le reza 🗿👊💅,,,https://www.tiktok.com/@animeedit.nut/video/7501606229190462738,7501606229190462738,animeedit.nut,,2026-05-16T14:50:59+07:00,,False,dom,
dom_7f44cce4,OFFICIAL_ALLY🎀,https://www.tiktok.com/@bananamurf2,kagura!!!,,,https://www.tiktok.com/@animeedit.nut/video/7501606229190462738,7501606229190462738,animeedit.nut,,2026-05-16T14:50:59+07:00,,False,dom,
dom_19b6f70c,T,https://www.tiktok.com/@trkkk505,تنصحوني اتابعة؟ ؟,,,https://www.tiktok.com/@animeedit.nut/video/7501606229190462738,7501606229190462738,animeedit.nut,,2026-05-16T14:50:59+07:00,,False,dom,
dom_3fcec5b3,XXX,https://www.tiktok.com/@hali_hh,Самый скучный аниме😍😍😍,,,https://www.tiktok.com/@animeedit.nut/video/7501606229190462738,7501606229190462738,animeedit.nut,,2026-05-16T14:50:59+07:00,,False,dom,
dom_7ef52719,Hange MY wife,https://www.tiktok.com/@desi_.2,"pero si perdió los bracitos , como se ve en una escena las manos vendadas",,,https://www.tiktok.com/@animeedit.nut/video/7501606229190462738,7501606229190462738,animeedit.nut,,2026-05-16T14:50:59+07:00,,False,dom,
dom_619a0563,(≧▽≦),https://www.tiktok.com/@kiyoka085,Me la quiero ver la recomiendan?,,,https://www.tiktok.com/@animeedit.nut/video/7501606229190462738,7501606229190462738,animeedit.nut,,2026-05-16T14:50:59+07:00,,False,dom,
dom_25b0a4b0,Donny,https://www.tiktok.com/@lensy_6,เนื้อเรื่อง เป็นไงครับไม่เคยดู,,,https://www.tiktok.com/@animeedit.nut/video/7501606229190462738,7501606229190462738,animeedit.nut,,2026-05-16T14:50:59+07:00,,False,dom,
dom_31fc0023,MoKKi🇺🇿(Бан),https://www.tiktok.com/@mokki529,Название: Вайолет Эвергарден Жанр:Драма фентези приключения Серии:13 (хочу стать легендой),,,https://www.tiktok.com/@animeedit.nut/video/7501606229190462738,7501606229190462738,animeedit.nut,,2026-05-16T14:50:59+07:00,,False,dom,
dom_324cfcea,ルル,https://www.tiktok.com/@callmepacarnagi,anime ini ada ga si di animeplay?,,,https://www.tiktok.com/@animeedit.nut/video/7501606229190462738,7501606229190462738,animeedit.nut,,2026-05-16T14:50:59+07:00,,False,dom,
dom_21bb47f5,.,https://www.tiktok.com/@jenengankowetmpe,waifu gw mahiru tapi gw mengakui violet karakter tercantik sumpah🤭,,,https://www.tiktok.com/@animeedit.nut/video/7501606229190462738,7501606229190462738,animeedit.nut,,2026-05-16T14:50:59+07:00,,False,dom,
dom_296c521d,🌷リーマ🌷,https://www.tiktok.com/@hf_636363,اسمهههههههههههههههه,,,https://www.tiktok.com/@animeedit.nut/video/7501606229190462738,7501606229190462738,animeedit.nut,,2026-05-16T14:50:59+07:00,,False,dom,
dom_1de2d99d,Solitary🌂🫧,https://www.tiktok.com/@solitary8651,ผู้หญิงในฝัน💘,,,https://www.tiktok.com/@animeedit.nut/video/7501606229190462738,7501606229190462738,animeedit.nut,,2026-05-16T14:50:59+07:00,,False,dom,
dom_2fc8e5e5,𝓜’丰,https://www.tiktok.com/@marie.ee.06,olalala ma fyppp,,,https://www.tiktok.com/@animeedit.nut/video/7501606229190462738,7501606229190462738,animeedit.nut,,2026-05-16T14:50:59+07:00,,False,dom,
dom_31b246b,mhendra,https://www.tiktok.com/@hendramahendra235,kenapa ya gw kalo nonton piolet suka sakit hati liat nya,,,https://www.tiktok.com/@animeedit.nut/video/7501606229190462738,7501606229190462738,animeedit.nut,,2026-05-16T14:50:59+07:00,,False,dom,
dom_57d95043,zetton,https://www.tiktok.com/@zetton_5,secantik ini masih ada yang hujat 😭😭😭,,,https://www.tiktok.com/@animeedit.nut/video/7501606229190462738,7501606229190462738,animeedit.nut,,2026-05-16T14:50:59+07:00,,False,dom,
dom_18c4fd63,...,https://www.tiktok.com/@6m864,هذا الانمي متعة بصرية✨,,,https://www.tiktok.com/@animeedit.nut/video/7501606229190462738,7501606229190462738,animeedit.nut,,2026-05-16T14:50:59+07:00,,False,dom,
